seqname	dsDNAphage	ssDNA	max_score	max_score_group	length	hallmark	viral	cellular	contig_length	total_genes	viral_genes	host_genes	provirus	proviral_length	host_length	region_types	region_lengths	region_coords_bp	region_coords_genes	region_viral_genes	region_host_genes
virus__NC_048627_1__Escherichia_phage_SP15_DNA__complete_genome_13868_16234_4||full	0.993	0.793	0.993	dsDNAphage	2346	0	87.5	0.0	2366	8	7	0	No	NA	NA	NA	NA	NA	NA	NA	NA
virus__NC_048627_1__Escherichia_phage_SP15_DNA__complete_genome_81746_95856_14||full	1.0	0.587	1.0	dsDNAphage	14110	7	90.0	0.0	14110	10	10	0	No	NA	NA	NA	NA	NA	NA	NA	NA
virus__NC_048645_1__Cronobacter_phage_vB_CsaM_leB__complete_genome_82235_93438_14||full	0.993	0.72	0.993	dsDNAphage	11106	0	92.3	0.0	11203	26	15	0	No	NA	NA	NA	NA	NA	NA	NA	NA
virus__NC_048657_1__Staphylococcus_phage_IME1361_01__complete_genome_14821_27156_4||full	1.0	0.433	1.0	dsDNAphage	12333	8	96.2	0.0	12335	26	25	0	No	NA	NA	NA	NA	NA	NA	NA	NA
virus__NC_048673_1__Aeromonas_phage_AS_zj__complete_genome_133179_139578_17||full	0.947	0.273	0.947	dsDNAphage	6396	0	65.0	0.0	6399	20	4	0	No	NA	NA	NA	NA	NA	NA	NA	NA
virus__NC_048695_1__Gordonia_phage_Adgers__complete_genome_57859_66100_7||full	0.933	0.273	0.933	dsDNAphage	8156	0	11.1	0.0	8241	18	13	0	No	NA	NA	NA	NA	NA	NA	NA	NA
virus__NC_048705_1__Mycobacterium_phage_TChen__complete_genome_27607_36339_4||full	1.0	0.06	1.0	dsDNAphage	8729	1	42.1	5.3	8732	19	7	0	No	NA	NA	NA	NA	NA	NA	NA	NA
virus__NC_048722_1__Streptomyces_phage_Wofford__complete_genome_108444_112737_17||full	0.98	0.593	0.98	dsDNAphage	4188	0	26.7	0.0	4293	15	6	0	No	NA	NA	NA	NA	NA	NA	NA	NA
virus__NC_048724_1__Streptomyces_phage_Karimac__complete_genome_82798_92985_11||full	0.933	0.567	0.933	dsDNAphage	9637	0	21.1	0.0	10187	19	7	0	No	NA	NA	NA	NA	NA	NA	NA	NA
virus__NC_048736_1__Serratia_phage_vB_SmaA_3M__complete_genome_41228_42984_5||full	0.933	0.873	0.933	dsDNAphage	1587	1	25.0	0.0	1756	4	1	0	No	NA	NA	NA	NA	NA	NA	NA	NA
virus__NC_048741_1__Proteus_phage_Mydo__complete_genome_109994_117944_13||full	1.0	0.38	1.0	dsDNAphage	7947	2	87.5	0.0	7950	8	7	0	No	NA	NA	NA	NA	NA	NA	NA	NA
virus__NC_048756_1__Nodularia_phage_vB_NspS_kac65v151__complete_genome_8014_12870_4||full	0.927	0.06	0.927	dsDNAphage	4853	1	40.0	0.0	4856	5	3	0	No	NA	NA	NA	NA	NA	NA	NA	NA
virus__NC_048769_1__Aeromonas_phage_2_L372D__complete_genome_101294_114616_15||full	0.94	0.62	0.94	dsDNAphage	13321	0	68.2	0.0	13322	22	8	0	No	NA	NA	NA	NA	NA	NA	NA	NA
virus__NC_048774_1__Aeromonas_phage_LAh_6__complete_genome_60661_74418_8||full	0.913	0.767	0.913	dsDNAphage	13754	0	47.6	0.0	13757	21	10	0	No	NA	NA	NA	NA	NA	NA	NA	NA
virus__NC_048792_1__Serratia_phage_Moabite__complete_genome_213005_224734_26||full	0.827	0.26	0.827	dsDNAphage	11727	0	15.0	0.0	11729	20	1	0	No	NA	NA	NA	NA	NA	NA	NA	NA
virus__NC_048798_1__Klebsiella_phage_Marfa__complete_genome_11400_16876_3||full	1.0	0.773	1.0	dsDNAphage	5474	1	68.8	0.0	5476	16	11	0	No	NA	NA	NA	NA	NA	NA	NA	NA
virus__NC_048804_1__Stenotrophomonas_phage_Mendera__complete_genome_99781_105854_14||full	1.0	0.693	1.0	dsDNAphage	6069	1	23.1	0.0	6073	13	4	0	No	NA	NA	NA	NA	NA	NA	NA	NA
virus__NC_048812_1__Gordonia_phage_Gibbin__complete_genome_37970_50226_6||full	0.973	0.76	0.973	dsDNAphage	12254	0	34.8	0.0	12256	23	11	0	No	NA	NA	NA	NA	NA	NA	NA	NA
virus__NC_048822_1__Gordonia_phage_Avazak__complete_genome_0_13934_1||full	1.0	0.56	1.0	dsDNAphage	13713	6	73.7	0.0	13934	19	13	0	No	NA	NA	NA	NA	NA	NA	NA	NA
virus__NC_048838_1__Flavobacterium_phage_vB_FspS_mymlan6_1__complete_genome_0_8155_1||full	0.933	0.86	0.933	dsDNAphage	7940	0	50.0	0.0	8155	16	5	0	No	NA	NA	NA	NA	NA	NA	NA	NA
virus__NC_048875_1__Pantoea_phage_vB_PagM_SSEM1__complete_genome_38947_41896_8||full	0.993	0.987	0.993	dsDNAphage	2948	1	100.0	0.0	2949	3	3	0	No	NA	NA	NA	NA	NA	NA	NA	NA
virus__NC_047720_1__Staphylococcus_phage_ISP_complete_genome_120583_124728_18||full	0.96	0.687	0.96	dsDNAphage	4143	0	100.0	0.0	4145	8	6	0	No	NA	NA	NA	NA	NA	NA	NA	NA
virus__NC_047722_1__Staphylococcus_phage_Staph1N__complete_genome_4168_13543_2||full	1.0	0.48	1.0	dsDNAphage	9374	1	83.3	0.0	9375	24	21	0	No	NA	NA	NA	NA	NA	NA	NA	NA
virus__NC_047724_1__Staphylococcus_phage_676Z__complete_genome_51173_55224_6||full	1.0	0.967	1.0	dsDNAphage	4050	3	100.0	0.0	4051	5	5	0	No	NA	NA	NA	NA	NA	NA	NA	NA
virus__NC_047736_1__Bacillus_phage_B5S__complete_genome_81730_90622_13||full	1.0	0.453	1.0	dsDNAphage	8891	1	94.1	0.0	8892	17	10	0	No	NA	NA	NA	NA	NA	NA	NA	NA
virus__NC_047751_1__Ralstonia_phage_phiITL_1__complete_genome_11653_22619_2||full	1.0	0.32	1.0	dsDNAphage	10964	1	35.0	0.0	10966	20	6	0	No	NA	NA	NA	NA	NA	NA	NA	NA
virus__NC_047791_1__Pectobacterium_phage_PP101__complete_genome_0_5487_1||full	0.933	0.827	0.933	dsDNAphage	5091	0	37.5	0.0	5487	8	1	0	No	NA	NA	NA	NA	NA	NA	NA	NA
virus__NC_047807_1__Escherichia_phage_vB_EcoP_C__complete_genome_0_1972_1||full	0.867	0.933	0.933	ssDNA	1895	0	33.3	0.0	1972	6	2	0	No	NA	NA	NA	NA	NA	NA	NA	NA
virus__NC_047821_1__Marinomonas_phage_CPP1m__complete_genome_13687_15488_3||full	0.88	0.993	0.993	ssDNA	1799	0	66.7	0.0	1801	3	2	0	No	NA	NA	NA	NA	NA	NA	NA	NA
virus__NC_047826_1__Pseudomonas_virus_WRT__complete_genome_0_1957_1||full	0.933	0.993	0.993	ssDNA	1023	0	50.0	0.0	1957	4	1	0	No	NA	NA	NA	NA	NA	NA	NA	NA
virus__NC_047839_1__Pseudoalteromonas_phage_SL20__complete_genome_81684_93241_9||full	0.993	0.173	0.993	dsDNAphage	11555	1	40.0	0.0	11557	10	2	0	No	NA	NA	NA	NA	NA	NA	NA	NA
virus__NC_047874_1__Pseudomonas_virus_Pf1_ERZ_2017__complete_genome_19218_29185_3||full	1.0	0.52	1.0	dsDNAphage	9895	7	100.0	0.0	9967	8	8	0	No	NA	NA	NA	NA	NA	NA	NA	NA
virus__NC_047926_1__Lactobacillus_phage_Semele__complete_genome_69023_74258_11||full	0.913	0.72	0.913	dsDNAphage	5232	0	50.0	0.0	5235	8	3	0	No	NA	NA	NA	NA	NA	NA	NA	NA
virus__NC_047941_1__Salmonella_phage_vB_SpuP_Spp16__complete_genome_15391_25346_4||full	0.993	0.68	0.993	dsDNAphage	9945	2	78.6	0.0	9955	14	10	0	No	NA	NA	NA	NA	NA	NA	NA	NA
virus__NC_047968_1__Klebsiella_virus_KP32_isolate_192__complete_genome_2619_6313_2||full	0.773	0.893	0.893	ssDNA	3618	0	100.0	0.0	3694	3	3	0	No	NA	NA	NA	NA	NA	NA	NA	NA
virus__NC_047973_1__Microbacterium_phage_Hyperion__complete_genome_40773_44561_5||full	0.96	0.2	0.96	dsDNAphage	3785	0	36.4	0.0	3788	11	4	0	No	NA	NA	NA	NA	NA	NA	NA	NA
virus__NC_047982_1__Ralstonia_phage_RPSC1__complete_genome_19755_26975_3||full	1.0	0.76	1.0	dsDNAphage	7220	1	36.4	0.0	7220	11	4	0	No	NA	NA	NA	NA	NA	NA	NA	NA
virus__NC_047994_1__Klebsiella_phage_ZCKP1__complete_genome_44207_59098_6||full	1.0	0.2	1.0	dsDNAphage	14890	6	94.4	0.0	14891	18	15	0	No	NA	NA	NA	NA	NA	NA	NA	NA
virus__NC_048002_1__Escherichia_phage_SRT7__complete_genome_18203_21738_3||full	1.0	0.98	1.0	dsDNAphage	3435	3	83.3	0.0	3535	6	5	0	No	NA	NA	NA	NA	NA	NA	NA	NA
virus__NC_048011_1__Salmonella_phage_S133__complete_genome_0_11248_1||full	0.993	0.4	0.993	dsDNAphage	11246	7	100.0	0.0	11248	15	15	0	No	NA	NA	NA	NA	NA	NA	NA	NA
virus__NC_048021_1__Gordonia_phage_Daredevil__complete_genome_28098_29267_5||full	0.847	0.48	0.847	dsDNAphage	1167	0	66.7	0.0	1169	3	2	0	No	NA	NA	NA	NA	NA	NA	NA	NA
virus__NC_048048_1__Caulobacter_phage_CcrSC__complete_genome_29361_38771_4||full	0.98	0.013	0.98	dsDNAphage	9410	1	8.3	4.2	9410	24	1	0	No	NA	NA	NA	NA	NA	NA	NA	NA
virus__NC_048053_1__Dickeya_phage_vB_DsoM_JA29__complete_genome_212024_224135_25||full	0.933	0.44	0.933	dsDNAphage	12109	0	21.7	0.0	12111	23	1	0	No	NA	NA	NA	NA	NA	NA	NA	NA
virus__NC_048077_1__Dickeya_phage_vB_DsoM_JA11__complete_genome_30268_36369_6||full	0.92	0.12	0.92	dsDNAphage	6099	0	26.7	6.7	6101	15	2	0	No	NA	NA	NA	NA	NA	NA	NA	NA
virus__NC_048077_1__Dickeya_phage_vB_DsoM_JA11__complete_genome_118529_123499_18||full	0.993	0.687	0.993	dsDNAphage	4968	4	100.0	0.0	4970	5	4	0	No	NA	NA	NA	NA	NA	NA	NA	NA
virus__NC_048105_1__Salmonella_phage_BSP161__complete_genome_13840_17316_2||full	1.0	0.967	1.0	dsDNAphage	3473	3	100.0	0.0	3476	3	3	0	No	NA	NA	NA	NA	NA	NA	NA	NA
virus__NC_048106_1__Synechococcus_phage_S_CBWM1__complete_genome_30278_34216_4||full	0.98	0.82	0.98	dsDNAphage	3934	0	33.3	0.0	3938	9	0	0	No	NA	NA	NA	NA	NA	NA	NA	NA
virus__NC_048110_1__Salmonella_phage_Seafire__complete_genome_71078_81857_8||full	0.927	0.467	0.927	dsDNAphage	10776	0	100.0	0.0	10779	10	5	0	No	NA	NA	NA	NA	NA	NA	NA	NA
virus__NC_048134_1__Lactobacillus_phage_Lpa804__complete_genome_36110_47244_5||full	0.907	0.6	0.907	dsDNAphage	11131	0	50.0	0.0	11134	16	5	0	No	NA	NA	NA	NA	NA	NA	NA	NA
virus__NC_048170_1__Escherichia_phage_vB_EcoM_Goslar__complete_genome_4520_14888_3||full	1.0	0.467	1.0	dsDNAphage	10366	1	21.4	0.0	10368	14	2	0	No	NA	NA	NA	NA	NA	NA	NA	NA
virus__NC_048173_1__Erwinia_phage_Derbicus__complete_genome_14353_20955_2||full	0.94	0.633	0.94	dsDNAphage	6602	0	100.0	0.0	6602	7	7	0	No	NA	NA	NA	NA	NA	NA	NA	NA
virus__NC_048182_1__Edwardsiella_virus_pEt_SU__complete_genome_241058_254802_28||full	0.987	0.0	0.987	dsDNAphage	13742	2	41.2	5.9	13744	17	5	0	No	NA	NA	NA	NA	NA	NA	NA	NA
virus__NC_048186_1__Escherichia_phage_vB_EcoM_KWBSE43_6__complete_genome_91855_96597_12||full	1.0	0.833	1.0	dsDNAphage	4739	4	100.0	0.0	4742	4	4	0	No	NA	NA	NA	NA	NA	NA	NA	NA
virus__NC_048194_1__Escherichia_phage_vB_EcoM_WFH__complete_genome_47290_50453_8||full	0.98	1.0	1.0	ssDNA	3163	0	100.0	0.0	3163	5	0	0	No	NA	NA	NA	NA	NA	NA	NA	NA
virus__NC_042322_1__Mycobacterium_virus_LittleE__complete_genome_60731_63970_9||full	0.993	0.487	0.993	dsDNAphage	2962	0	80.0	0.0	3239	10	8	0	No	NA	NA	NA	NA	NA	NA	NA	NA
virus__NC_042140_1__Bacillus_virus_BM15__complete_genome_78170_83798_10||full	0.867	0.833	0.867	dsDNAphage	5626	0	100.0	0.0	5628	6	5	0	No	NA	NA	NA	NA	NA	NA	NA	NA
virus__NC_041846_1__Mycobacterium_phage_Bask21__complete_genome_3623_11365_2||full	1.0	0.453	1.0	dsDNAphage	7719	5	90.9	0.0	7742	11	11	0	No	NA	NA	NA	NA	NA	NA	NA	NA
virus__NC_041852_1__Mycobacterium_phage_Nepal__complete_genome_38685_50136_7||full	0.987	0.7	0.987	dsDNAphage	11450	0	76.7	0.0	11451	30	23	0	No	NA	NA	NA	NA	NA	NA	NA	NA
virus__NC_041858_1__Bacillus_phage_Taylor__complete_genome_14453_26061_3||full	1.0	0.907	1.0	dsDNAphage	11608	3	100.0	0.0	11608	13	7	0	No	NA	NA	NA	NA	NA	NA	NA	NA
virus__NC_041928_1__Staphylococcus_phage_phiIBB_SEP1__complete_genome_58909_60767_8||full	0.7	0.34	0.7	dsDNAphage	1676	0	75.0	25.0	1858	4	3	0	No	NA	NA	NA	NA	NA	NA	NA	NA
virus__NC_041929_1__Sinorhizobium_phage_phiM7__complete_genome_129694_143375_17||full	1.0	0.173	1.0	dsDNAphage	13681	1	27.3	0.0	13681	33	6	0	No	NA	NA	NA	NA	NA	NA	NA	NA
virus__NC_041930_1__Arthrobacter_phage_Brent__complete_genome_30466_34342_5||full	0.987	0.62	0.987	dsDNAphage	3777	0	42.9	0.0	3876	7	3	0	No	NA	NA	NA	NA	NA	NA	NA	NA
virus__NC_041961_1__Arthrobacter_phage_Tank__complete_genome_38668_53031_6||full	0.973	0.047	0.973	dsDNAphage	14360	0	27.6	3.4	14363	29	4	0	No	NA	NA	NA	NA	NA	NA	NA	NA
virus__NC_041965_1__Mycobacterium_phage_Athena__complete_genome_14003_25127_4||full	0.993	0.413	0.993	dsDNAphage	11122	4	92.9	0.0	11124	14	14	0	No	NA	NA	NA	NA	NA	NA	NA	NA
virus__NC_041974_1__Erwinia_phage_vB_EamM_Simmy50__complete_genome_197440_210460_25||full	0.8	0.347	0.8	dsDNAphage	13019	0	53.8	0.0	13020	13	7	0	No	NA	NA	NA	NA	NA	NA	NA	NA
virus__NC_041976_1__Brevibacillus_phage_Jimmer2__complete_genome_28769_39971_4||full	0.747	0.02	0.747	dsDNAphage	10286	0	38.1	14.3	11202	21	3	0	No	NA	NA	NA	NA	NA	NA	NA	NA
virus__NC_041992_1__Salmonella_phage_wksl3__complete_genome_15812_22676_3||full	1.0	0.52	1.0	dsDNAphage	6845	1	75.0	0.0	6864	8	7	0	No	NA	NA	NA	NA	NA	NA	NA	NA
virus__NC_041997_1__Acidovorax_phage_ACP17__complete_genome_18490_29190_3||full	1.0	0.607	1.0	dsDNAphage	10697	3	34.8	0.0	10700	23	10	0	No	NA	NA	NA	NA	NA	NA	NA	NA
virus__NC_042001_1__Arthrobacter_phage_Molivia__complete_genome_34636_43471_6||full	1.0	0.1	1.0	dsDNAphage	8833	1	50.0	0.0	8835	12	6	0	No	NA	NA	NA	NA	NA	NA	NA	NA
virus__NC_042018_1__Erwinia_phage_vB_EamM_RisingSun__complete_genome_141536_156379_17||full	0.987	0.34	0.987	dsDNAphage	14841	0	20.7	0.0	14843	29	1	0	No	NA	NA	NA	NA	NA	NA	NA	NA
virus__NC_042027_1__Mycobacterium_phage_Pumpkin__complete_genome_11753_14988_2||full	1.0	0.8	1.0	dsDNAphage	3234	3	100.0	0.0	3235	4	4	0	No	NA	NA	NA	NA	NA	NA	NA	NA
virus__NC_042033_1__Mycobacterium_phage_Send513__complete_sequence_31477_43437_5||full	1.0	0.5	1.0	dsDNAphage	11625	2	47.8	0.0	11960	23	11	0	No	NA	NA	NA	NA	NA	NA	NA	NA
virus__NC_042050_1__Mycobacterium_phage_Godines__complete_genome_20227_21622_3||full	0.833	0.587	0.833	dsDNAphage	1393	2	100.0	0.0	1395	4	4	0	No	NA	NA	NA	NA	NA	NA	NA	NA
virus__NC_042086_1__Corynebacterium_phage_Darwin__complete_genome_36559_49424_7||full	0.907	0.06	0.907	dsDNAphage	12862	0	45.5	4.5	12865	22	8	0	No	NA	NA	NA	NA	NA	NA	NA	NA
virus__NC_042115_1__Pseudomonas_phage_vB_PaeS_PAO1_Ab19__complete_genome_0_14218_1||full	0.947	0.313	0.947	dsDNAphage	13711	0	93.8	0.0	14218	16	9	1	No	NA	NA	NA	NA	NA	NA	NA	NA
virus__NC_042130_1__Escherichia_phage_slur04__complete_genome_106319_110649_14||full	0.98	0.66	0.98	dsDNAphage	4245	0	100.0	0.0	4330	4	3	0	No	NA	NA	NA	NA	NA	NA	NA	NA
host__NZ_CP017173_1_Myxococcus_xanthus_strain_MC3_3_5c16_chromosome__complete_genome_6067770_9316378_0_3248608_1957470_1959776_246||full	0.86	0.533	0.86	dsDNAphage	2242	0	66.7	0.0	2306	3	0	2	No	NA	NA	NA	NA	NA	NA	NA	NA
host__NZ_CP021963_1_Citrobacter_youngae_strain_L6_chromosome__complete_genome_3175276_3222669_0_47393_0_5952_1||full	0.7	0.013	0.7	dsDNAphage	5951	0	44.4	11.1	5952	9	5	2	Yes	4942.0	1010.0	viral,host	4942,1010	1-4942,4943-5952	1-8,9-9	5,0	1,1
host__NZ_CP023691_1_Streptomyces_platensis_strain_ATCC_23948_chromosome__complete_genome_0_8501012_0_4857083_2249915_2256574_284||full	0.6	0.247	0.6	dsDNAphage	6659	0	50.0	0.0	6659	4	0	1	No	NA	NA	NA	NA	NA	NA	NA	NA
host__NZ_CP026046_1_Morganella_morganii_strain_FDAARGOS_63_chromosome__complete_genome_3719134_4000026_6885_280892_93304_102342_10||full	0.6	0.067	0.6	dsDNAphage	8169	0	57.1	0.0	9038	7	0	3	No	NA	NA	NA	NA	NA	NA	NA	NA
host__NZ_CP026491_1_Escherichia_coli_strain_HS13_1_chromosome__complete_genome_1260085_1526967_0_266882_0_2898_1||full	0.72	0.067	0.72	dsDNAphage	2816	0	60.0	40.0	2898	5	2	2	Yes	865.0	2033.0	viral,host	865,2033	1-865,866-2898	1-3,4-5	2,0	0,2
host__NZ_CP026531_1_Vibrio_cholerae_strain_FORC_076_chromosome_1__complete_sequence_0_2963247_457861_2852527_2036044_2046724_241||full	0.9	0.0	0.9	dsDNAphage	6736	2	22.2	11.1	10680	9	1	1	Yes	5837.0	4843.0	host,viral	4843,5837	1-4843,4844-10680	1-1,2-9	0,1	1,0
host__NZ_CP026777_1_Shigella_dysenteriae_strain_69_3818_chromosome__complete_genome_2872433_2905538_0_33105_0_2722_1||full	0.793	0.013	0.793	dsDNAphage	2329	2	40.0	40.0	2722	5	2	0	No	NA	NA	NA	NA	NA	NA	NA	NA
host__NZ_CP026901_1_Bordetella_pertussis_strain_J628_chromosome__complete_genome_706127_4107705_0_3401578_1148273_1152572_140||full	0.58	0.553	0.58	dsDNAphage	4296	0	66.7	0.0	4299	3	0	2	No	NA	NA	NA	NA	NA	NA	NA	NA
host__NZ_CP027533_1_Serratia_marcescens_strain_AR_0091_chromosome__complete_genome_1605322_1838434_0_233112_108840_116558_14||full	0.62	0.0	0.62	dsDNAphage	7715	1	28.6	14.3	7718	7	1	4	No	NA	NA	NA	NA	NA	NA	NA	NA
host__NZ_CP028568_2_Aeromonas_hydrophila_subsp__hydrophila_strain_WCHAH045096_chromosome__complete_genome_0_5022876_0_1195268_380259_387192_49||full	0.533	0.0	0.533	dsDNAphage	6930	0	37.5	12.5	6933	8	1	0	No	NA	NA	NA	NA	NA	NA	NA	NA
host__NZ_CP028609_1_Escherichia_coli_strain_142_chromosome__complete_genome_2509950_2700077_0_190127_79802_81884_12||full	0.8	0.947	0.947	ssDNA	1983	0	66.7	0.0	2082	3	0	2	No	NA	NA	NA	NA	NA	NA	NA	NA
host__NZ_CP029189_1_Streptomyces_venezuelae_strain_ATCC_21018_chromosome__complete_genome_0_7746267_0_7008000_0_2727_1||full	0.607	0.033	0.607	dsDNAphage	2312	1	50.0	0.0	2727	2	0	1	No	NA	NA	NA	NA	NA	NA	NA	NA
host__NZ_CP030219_1_Salmonella_enterica_strain_SA20021456_chromosome__complete_genome_679501_1510038_375965_830537_3682_5762_2||full	0.66	0.627	0.66	dsDNAphage	1956	0	50.0	0.0	2080	2	0	1	No	NA	NA	NA	NA	NA	NA	NA	NA
host__NZ_CP030240_1_Escherichia_coli_strain_ER1709_chromosome__complete_genome_3774798_4582842_465608_808044_0_5577_1||full	0.953	0.347	0.953	dsDNAphage	5576	1	80.0	0.0	5577	5	1	4	Yes	1389.0	4188.0	host,viral	4188,1389	1-4188,4189-5577	1-4,5-5	0,1	4,0
host__NZ_CP033043_1_Bacillus_litoralis_strain_Bac94_chromosome__complete_genome_0_5230624_2194743_2455993_86093_91268_13||full	0.72	0.0	0.72	dsDNAphage	4875	1	33.3	16.7	5175	6	0	3	No	NA	NA	NA	NA	NA	NA	NA	NA
host__NZ_CP035110_1_Lactobacillus_curvatus_strain_SRCM103465_chromosome__complete_genome_800299_2042320_0_732690_123273_128738_17||full	0.647	0.087	0.647	dsDNAphage	5461	0	33.3	0.0	5465	9	1	2	Yes	3899.0	1566.0	viral,host	3899,1566	1-3899,3900-5465	1-6,7-9	1,0	0,2
host__NZ_CP035307_1_Lactobacillus_helveticus_strain_IDCC3801_chromosome__complete_genome_0_2133343_241108_913188_655359_657193_84||full	0.267	0.78	0.78	ssDNA	1208	0	50.0	0.0	1834	2	0	0	No	NA	NA	NA	NA	NA	NA	NA	NA
host__NZ_CP040023_1_Klebsiella_pneumoniae_strain_KPC160132_chromosome__complete_genome_1447245_3137786_0_442703_0_13488_1||full	0.9	0.0	0.9	dsDNAphage	13397	3	40.0	26.7	13488	15	6	4	Yes	5824.0	7664.0	viral,host	5824,7664	1-5824,5825-13488	1-8,9-15	6,0	0,4
host__NZ_CP041919_1_Escherichia_coli_strain_Ec40743_chromosome__complete_genome_3393944_4486660_0_1092716_686958_689440_99||full	0.567	0.94	0.94	ssDNA	2203	0	50.0	0.0	2482	4	1	1	Yes	1063.0	1419.0	viral,host	1063,1419	1-1063,1064-2482	1-1,2-4	1,0	0,1
host__NZ_CP042161_1_Brevibacillus_brevis_strain_HK544_chromosome__complete_genome_0_3898007_36279_1295460_523606_525556_69||full	0.567	0.953	0.953	ssDNA	1948	0	33.3	0.0	1950	3	0	1	No	NA	NA	NA	NA	NA	NA	NA	NA
host__NZ_CP042161_1_Brevibacillus_brevis_strain_HK544_chromosome__complete_genome_3899420_6486246_390925_891227_424422_428101_50||full	0.46	0.86	0.86	ssDNA	2435	0	33.3	0.0	3679	3	0	1	No	NA	NA	NA	NA	NA	NA	NA	NA
host__NZ_CP042431_1_Pseudobacter_ginsenosidimutans_strain_Gsoil_221_chromosome__complete_genome_0_7797595_0_7797595_5524138_5527102_683||full	0.653	0.133	0.653	dsDNAphage	2961	0	14.3	0.0	2964	7	0	3	No	NA	NA	NA	NA	NA	NA	NA	NA
host__NZ_CP042818_1_Treponema_phagedenis_strain_B43_1_chromosome__complete_genome_0_3372116_2684770_3095565_369573_376261_52||full	1.0	0.027	1.0	dsDNAphage	6368	3	62.5	12.5	6688	8	3	0	No	NA	NA	NA	NA	NA	NA	NA	NA
host__NZ_CP045048_1_Campylobacter_jejuni_subsp__jejuni_strain_NADC_20827_chromosome__complete_genome_0_1071085_0_490059_315911_322001_40||full	1.0	0.327	1.0	dsDNAphage	6089	2	75.0	0.0	6090	4	3	0	No	NA	NA	NA	NA	NA	NA	NA	NA
host__NZ_CP045263_1_Klebsiella_pneumoniae_strain_16HN_263_chromosome__complete_genome_3196230_3373304_0_177074_159084_165758_21||full	0.78	0.0	0.78	dsDNAphage	6673	2	25.0	37.5	6674	8	2	5	Yes	3596.0	3078.0	host,viral	3078,3596	1-3078,3079-6674	1-5,6-8	0,2	5,0
host__NZ_CP046308_1_Mycobacterium_tuberculosis_strain_FDAARGOS_751_chromosome__complete_genome_0_4441988_0_4441988_3223112_3237194_400||full	0.5	0.007	0.5	dsDNAphage	14079	1	35.7	28.6	14082	14	0	11	No	NA	NA	NA	NA	NA	NA	NA	NA
host__NZ_CP047682_1_Serratia_marcescens_strain_3024_chromosome__complete_genome_5101002_5428813_0_327811_0_6189_1||full	1.0	0.9	1.0	dsDNAphage	6137	1	43.8	0.0	6189	16	5	0	No	NA	NA	NA	NA	NA	NA	NA	NA
host__NZ_CP048359_1_Escherichia_coli_strain_53_chromosome__complete_genome_0_2312697_944332_1832477_822065_831984_106||full	0.727	0.0	0.727	dsDNAphage	9918	1	44.4	33.3	9919	9	1	7	No	NA	NA	NA	NA	NA	NA	NA	NA
host__NZ_CP048359_1_Escherichia_coli_strain_53_chromosome__complete_genome_3252722_4884114_0_569979_84478_86727_14||full	0.513	0.853	0.853	ssDNA	2245	0	66.7	0.0	2249	3	0	2	No	NA	NA	NA	NA	NA	NA	NA	NA
host__NZ_CP048438_1_Akkermansia_muciniphila_strain_JCM_30893_chromosome__complete_genome_0_2878261_1882466_2878261_146458_149808_20||full	1.0	0.867	1.0	dsDNAphage	3349	1	40.0	0.0	3350	5	1	0	No	NA	NA	NA	NA	NA	NA	NA	NA
host__NZ_CP049205_1_Xanthomonas_oryzae_pv__oryzae_strain_K1_chromosome__complete_genome_1501250_4981423_0_1125631_142535_144226_18||full	0.8	0.993	0.993	ssDNA	1690	0	33.3	0.0	1691	3	0	0	No	NA	NA	NA	NA	NA	NA	NA	NA
host__NZ_CP052852_1_Bordetella_holmesii_strain_J862_chromosome__complete_genome_0_3699764_0_3699764_20292_22016_5||full	0.4	0.747	0.747	ssDNA	1722	0	33.3	0.0	1724	3	0	1	No	NA	NA	NA	NA	NA	NA	NA	NA
plasmid__NZ_CP031226_1_Pseudomonas_amygdali_pv__lachrymans_str__M301315_plasmid_pMPPla107__complete_sequence_618524_619642_74||full	0.507	0.98	0.98	ssDNA	1035	0	50.0	0.0	1118	2	0	0	No	NA	NA	NA	NA	NA	NA	NA	NA
plasmid__NZ_CP031512_1_Providencia_stuartii_strain_FDAARGOS_87_plasmid_unnamed1__complete_sequence_113904_122477_18||full	0.973	0.147	0.973	dsDNAphage	8570	1	15.4	0.0	8573	13	0	1	No	NA	NA	NA	NA	NA	NA	NA	NA
plasmid__NZ_CP026329_1_Acidithiobacillus_caldus_strain_MTH_04_plasmid_p1__complete_sequence_58370_64838_8||full	0.587	0.673	0.673	ssDNA	6466	0	50.0	0.0	6468	8	0	0	No	NA	NA	NA	NA	NA	NA	NA	NA
plasmid__NZ_CP020426_2_Clostridioides_difficile_strain_FDAARGOS_267_plasmid_unnamed2__complete_sequence_39892_41212_7||full	0.78	0.82	0.82	ssDNA	1319	0	66.7	0.0	1320	3	1	0	No	NA	NA	NA	NA	NA	NA	NA	NA
plasmid__NZ_CP016685_1_Lactococcus_lactis_subsp__cremoris_strain_158_plasmid_p158A__complete_sequence_22594_25627_5||full	0.447	0.873	0.873	ssDNA	2490	0	66.7	0.0	3033	3	0	0	No	NA	NA	NA	NA	NA	NA	NA	NA
plasmid__NZ_CP026270_1_Klebsiella_oxytoca_strain_KONIH4_plasmid_unnamed__complete_sequence_26012_32995_5||full	0.993	0.873	0.993	dsDNAphage	6779	3	77.8	0.0	6983	9	7	0	No	NA	NA	NA	NA	NA	NA	NA	NA
plasmid__NZ_CP025505_1_Rhizobium_leguminosarum_bv__viciae_strain_UPM791_plasmid_pRlvC__complete_sequence_132306_137293_18||full	0.607	0.107	0.607	dsDNAphage	4983	0	42.9	0.0	4987	7	0	3	No	NA	NA	NA	NA	NA	NA	NA	NA
plasmid__NZ_CP019254_1_Escherichia_coli_strain_13KWH46_plasmid_p13KWH46_4__complete_sequence_61687_72534_9||full	0.607	0.013	0.607	dsDNAphage	10844	0	36.8	15.8	10847	19	2	2	Yes	8394.0	2453.0	viral,host	8394,2453	1-8394,8395-10847	1-16,17-19	2,0	0,2
plasmid__NZ_CP026475_1_Escherichia_coli_strain_KBN10P04869_plasmid_pKBN10P04869B__complete_sequence_59441_62398_13||full	0.64	0.88	0.88	ssDNA	2954	0	100.0	0.0	2957	3	1	0	No	NA	NA	NA	NA	NA	NA	NA	NA
plasmid__NZ_CP027167_1_Pseudomonas_aeruginosa_strain_AR_0356_plasmid_unnamed3__complete_sequence_77809_84393_12||full	0.74	0.04	0.74	dsDNAphage	6464	0	18.2	0.0	6584	11	1	0	No	NA	NA	NA	NA	NA	NA	NA	NA
plasmid__NZ_CP034040_1_Klebsiella_pneumoniae_subsp__pneumoniae_strain_CRK0298_plasmid_p1__complete_sequence_8534_12207_3||full	0.947	0.587	0.947	dsDNAphage	3560	0	50.0	0.0	3673	8	3	0	No	NA	NA	NA	NA	NA	NA	NA	NA
plasmid__NZ_CP034040_1_Klebsiella_pneumoniae_subsp__pneumoniae_strain_CRK0298_plasmid_p1__complete_sequence_129360_133739_18||full	0.933	0.74	0.933	dsDNAphage	4212	0	12.5	0.0	4379	8	0	0	No	NA	NA	NA	NA	NA	NA	NA	NA
plasmid__NZ_CP027608_1_Acinetobacter_baumannii_strain_AR_0102_plasmid_unnamed1__complete_sequence_32421_38096_4||full	0.727	0.127	0.727	dsDNAphage	5672	0	42.9	0.0	5675	7	0	0	No	NA	NA	NA	NA	NA	NA	NA	NA
plasmid__NZ_CP027358_1_Escherichia_coli_strain_2013C_4991_plasmid_unnamed3__complete_sequence_32268_38516_4||full	0.827	0.033	0.827	dsDNAphage	6246	0	45.5	9.1	6248	11	3	0	No	NA	NA	NA	NA	NA	NA	NA	NA
plasmid__NZ_CP027358_1_Escherichia_coli_strain_2013C_4991_plasmid_unnamed3__complete_sequence_53439_67229_7||full	0.733	0.107	0.733	dsDNAphage	12989	0	76.9	0.0	13790	13	7	0	No	NA	NA	NA	NA	NA	NA	NA	NA
plasmid__NZ_CP028125_1_Escherichia_coli_O26_str__RM10386_plasmid_pRM10386_1__complete_sequence_7910_12514_2||full	0.673	0.46	0.673	dsDNAphage	4603	0	33.3	0.0	4604	3	1	0	No	NA	NA	NA	NA	NA	NA	NA	NA
plasmid__NZ_CP031644_1_Bacillus_anthracis_strain_MCCC_1A01412_plasmid_p1__complete_sequence_51884_56045_7||full	0.733	0.0	0.733	dsDNAphage	4160	2	33.3	50.0	4161	6	1	1	Yes	2631.0	1530.0	viral,host	2631,1530	1-2631,2632-4161	1-4,5-6	1,0	0,1
plasmid__NZ_CP031811_1_Klebsiella_pneumoniae_strain_INF014_sc_2279884_plasmid_unnamed1__complete_sequence_19086_20768_4||full	0.987	1.0	1.0	ssDNA	1476	0	50.0	0.0	1682	2	0	1	No	NA	NA	NA	NA	NA	NA	NA	NA
plasmid__NZ_CP022793_1_Ralstonia_solanacearum_strain_SL2729_plasmid_unnamed__complete_sequence_1073118_1082868_139||full	0.573	0.007	0.573	dsDNAphage	9750	0	42.9	14.3	9750	14	3	0	No	NA	NA	NA	NA	NA	NA	NA	NA
plasmid__NZ_CP032183_1_Citrobacter_freundii_strain_AR_0116_plasmid_unnamed5__complete_sequence_35848_43777_5||full	0.627	0.393	0.627	dsDNAphage	7877	0	20.0	0.0	7929	10	2	0	No	NA	NA	NA	NA	NA	NA	NA	NA
plasmid__NZ_CP032191_1_Klebsiella_pneumoniae_strain_AR_0075_plasmid_unnamed6__complete_sequence_44316_56089_6||full	0.993	0.027	0.993	dsDNAphage	11771	6	87.5	12.5	11773	8	7	0	No	NA	NA	NA	NA	NA	NA	NA	NA
plasmid__NZ_CP032196_1_Klebsiella_pneumoniae_strain_AR_0097_plasmid_unnamed2__complete_sequence_90884_101702_10||full	1.0	0.127	1.0	dsDNAphage	10624	5	83.3	0.0	10818	12	4	0	No	NA	NA	NA	NA	NA	NA	NA	NA
plasmid__NZ_CP028885_1_Borrelia_turcica_IST7_plasmid_lp129__complete_sequence_78350_92182_13||full	0.673	0.087	0.673	dsDNAphage	13829	0	23.1	0.0	13832	13	0	0	No	NA	NA	NA	NA	NA	NA	NA	NA
plasmid__NZ_CP031081_1_Paracoccus_yeei_strain_CCUG_32053_plasmid_pYEE3__complete_sequence_129361_132141_18||full	0.747	0.293	0.747	dsDNAphage	2780	0	75.0	0.0	2780	4	0	1	No	NA	NA	NA	NA	NA	NA	NA	NA
plasmid__NZ_CP022209_1_Burkholderia_gladioli_pv__gladioli_strain_FDAARGOS_188_plasmid_unnamed1__complete_sequence_165220_167014_18||full	0.433	0.907	0.907	ssDNA	1793	0	33.3	0.0	1794	3	0	0	No	NA	NA	NA	NA	NA	NA	NA	NA
plasmid__NZ_CP049704_1_Parageobacillus_toebii_NBRC_107807_strain_DSM_14590_plasmid_pDSM14590__complete_sequence_0_3935_1||full	0.793	0.833	0.833	ssDNA	3935	0	83.3	0.0	3935	6	0	1	No	NA	NA	NA	NA	NA	NA	NA	NA
plasmid__NZ_CP033227_1_Sphingobium_yanoikuyae_strain_SJTF8_plasmid_pF1__complete_sequence_39832_41789_6||full	0.653	0.807	0.807	ssDNA	1955	0	33.3	0.0	1957	3	0	0	No	NA	NA	NA	NA	NA	NA	NA	NA
plasmid__NZ_CP029895_1_Salmonella_enterica_subsp__enterica_serovar_Typhi_strain_311189_252186_plasmid_pHCM1__complete_sequence_90426_96249_12||full	0.8	0.587	0.8	dsDNAphage	5823	0	33.3	0.0	5823	6	0	0	No	NA	NA	NA	NA	NA	NA	NA	NA
plasmid__NZ_CP029647_1_Salmonella_enterica_subsp__enterica_serovar_Typhi_strain_311189_217186_plasmid_pHCM2__complete_sequence_54183_60095_6||full	0.52	0.467	0.52	dsDNAphage	5912	0	42.9	0.0	5912	7	0	0	No	NA	NA	NA	NA	NA	NA	NA	NA
plasmid__NZ_CP034046_1_Klebsiella_pneumoniae_strain_KP_NORM_BLD_2014_104014_plasmid_unnamed1__complete_sequence_141964_155544_16||full	0.56	0.0	0.56	dsDNAphage	13579	0	18.5	11.1	13580	27	7	2	Yes	10167.0	3413.0	viral,host	10167,3413	1-10167,10168-13580	1-22,23-27	7,0	0,2
plasmid__NZ_CP023851_1_Escherichia_coli_strain_4_0_plasmid_p4_0_2__complete_sequence_0_12716_1||full	0.733	0.087	0.733	dsDNAphage	12220	0	72.2	0.0	12716	18	9	0	No	NA	NA	NA	NA	NA	NA	NA	NA
plasmid__NZ_CP025868_1_Escherichia_coli_strain_504211_plasmid_p504211_100__complete_sequence_41861_49077_5||full	0.873	0.767	0.873	dsDNAphage	7215	0	80.0	0.0	7216	10	3	0	No	NA	NA	NA	NA	NA	NA	NA	NA
plasmid__NZ_CP035189_1_Bacillus_licheniformis_strain_SRCM103914_plasmid_unnamed1__complete_sequence_73469_85835_10||full	0.973	0.607	0.973	dsDNAphage	12364	0	45.5	0.0	12366	22	1	0	No	NA	NA	NA	NA	NA	NA	NA	NA
plasmid__NZ_CP035215_1_Klebsiella_michiganensis_strain_M82255_plasmid_pKOCBH_A__complete_sequence_71083_83439_9||full	0.66	0.44	0.66	dsDNAphage	11754	0	38.5	0.0	12356	13	4	0	No	NA	NA	NA	NA	NA	NA	NA	NA
plasmid__NZ_CP037457_1_Bacillus_thuringiensis_strain_T0131_plasmid_pT0131_5__complete_sequence_126250_132773_18||full	0.907	0.373	0.907	dsDNAphage	6521	0	42.9	0.0	6523	7	0	0	No	NA	NA	NA	NA	NA	NA	NA	NA
plasmid__NZ_CP037888_1_Bacillus_thuringiensis_strain_Bti_plasmid_pT0124_5__complete_sequence_146474_156400_17||full	0.807	0.073	0.807	dsDNAphage	8475	0	27.3	0.0	9926	11	1	0	No	NA	NA	NA	NA	NA	NA	NA	NA
plasmid__NZ_CP038616_1_Arsenophonus_nasoniae_strain_FIN_plasmid_pArsFIN4__complete_sequence_24985_33616_4||full	0.907	0.027	0.907	dsDNAphage	8545	1	50.0	25.0	8631	12	2	3	Yes	4767.0	3864.0	host,viral	3864,4767	1-3864,3865-8631	1-5,6-12	0,2	3,0
plasmid__NZ_CP038617_1_Arsenophonus_nasoniae_strain_FIN_plasmid_pArsFIN5__complete_sequence_52970_60457_8||full	0.993	0.007	0.993	dsDNAphage	7484	4	66.7	8.3	7487	12	7	1	No	NA	NA	NA	NA	NA	NA	NA	NA
plasmid__NZ_CP039925_1_Agrobacterium_tumefaciens_strain_CFBP7129_plasmid_pAtCFBP7129b__complete_sequence_284382_298885_36||full	0.527	0.0	0.527	dsDNAphage	14503	2	15.4	69.2	14503	14	0	9	No	NA	NA	NA	NA	NA	NA	NA	NA
plasmid__NZ_CP032342_1_Azospirillum_brasilense_strain_MTCC4038_plasmid_p3__complete_sequence_584420_593374_73||full	0.76	0.047	0.76	dsDNAphage	8950	0	20.0	5.0	8954	20	2	1	No	NA	NA	NA	NA	NA	NA	NA	NA
plasmid__NZ_CP041248_1_Raoultella_electrica_strain_DSM_102253_plasmid_unnamed1__complete_sequence_55040_69523_7||full	0.633	0.013	0.633	dsDNAphage	13853	0	15.4	7.7	14483	26	1	1	No	NA	NA	NA	NA	NA	NA	NA	NA
plasmid__NZ_CP043218_1_Escherichia_coli_O80_H26_strain_EC_107_plasmid_pET6_1_IncY__complete_sequence_0_2803_1||full	0.893	0.9	0.9	ssDNA	2802	0	100.0	0.0	2803	3	0	0	No	NA	NA	NA	NA	NA	NA	NA	NA
plasmid__NZ_CP033323_1_Azospirillum_brasilense_strain_Cd_plasmid_p5__complete_sequence_131142_141831_16||full	1.0	0.36	1.0	dsDNAphage	10687	3	66.7	0.0	10689	12	3	0	No	NA	NA	NA	NA	NA	NA	NA	NA
plasmid__NZ_CP044084_1_Pseudomonas_luteola_strain_FDAARGOS_637_plasmid_unnamed1__complete_sequence_227144_229516_28||full	0.487	0.747	0.747	ssDNA	2177	0	25.0	0.0	2372	4	0	0	No	NA	NA	NA	NA	NA	NA	NA	NA
plasmid__NZ_CP044266_1_Enterococcus_faecium_strain_V1836_plasmid_pHVH_V1836_2__complete_sequence_0_10453_1||full	0.793	0.04	0.793	dsDNAphage	9438	0	33.3	5.6	10453	18	0	0	No	NA	NA	NA	NA	NA	NA	NA	NA
plasmid__NZ_CP041451_1_Escherichia_coli_strain_YPE3_plasmid_pYPE3_114k__complete_sequence_45003_58403_7||full	0.993	0.02	0.993	dsDNAphage	13397	5	62.5	12.5	13400	8	7	0	No	NA	NA	NA	NA	NA	NA	NA	NA
plasmid__NZ_CP042536_1_Citrobacter_freundii_strain_E51_plasmid_pE51_002__complete_sequence_6003_8190_3||full	0.98	0.847	0.98	dsDNAphage	2185	1	25.0	0.0	2187	4	0	1	No	NA	NA	NA	NA	NA	NA	NA	NA
plasmid__NZ_CP045061_1_Salmonella_enterica_subsp__enterica_serovar_Muenchen_strain_LG26_plasmid_pLG26p2__complete_sequence_61123_73406_8||full	0.887	0.053	0.887	dsDNAphage	12282	0	66.7	19.0	12283	21	6	1	No	NA	NA	NA	NA	NA	NA	NA	NA
plasmid__NZ_CP038887_1_Piscirickettsia_salmonis_strain_Psal_004_plasmid_unnamed1__complete_sequence_35462_50325_5||full	0.78	0.0	0.78	dsDNAphage	14675	1	31.6	21.1	14863	21	0	2	No	NA	NA	NA	NA	NA	NA	NA	NA
plasmid__NZ_CP038928_1_Piscirickettsia_salmonis_strain_Psal_013_plasmid_unnamed1__complete_sequence_76812_81975_9||full	0.827	0.027	0.827	dsDNAphage	5163	2	42.9	42.9	5163	7	2	1	No	NA	NA	NA	NA	NA	NA	NA	NA
plasmid__NZ_CP038965_1_Piscirickettsia_salmonis_strain_Psal_051_plasmid_unnamed3__complete_sequence_0_11294_1||full	0.973	0.033	0.973	dsDNAphage	11294	2	50.0	12.5	11294	16	4	1	No	NA	NA	NA	NA	NA	NA	NA	NA
plasmid__NZ_CP038934_1_Piscirickettsia_salmonis_strain_Psal_025_plasmid_unnamed2__complete_sequence_33216_35131_5||full	0.973	0.947	0.973	dsDNAphage	1913	0	16.7	0.0	1915	6	0	0	No	NA	NA	NA	NA	NA	NA	NA	NA
plasmid__NZ_CP039080_1_Piscirickettsia_salmonis_strain_Psal_109_plasmid_unnamed4__complete_sequence_10106_20069_2||full	0.933	0.393	0.933	dsDNAphage	9638	5	68.8	0.0	9963	16	7	0	No	NA	NA	NA	NA	NA	NA	NA	NA
plasmid__NZ_CP039108_1_Piscirickettsia_salmonis_strain_Psal_134_plasmid_unnamed1__complete_sequence_108924_123350_13||full	0.847	0.0	0.847	dsDNAphage	14383	2	33.3	20.0	14426	15	3	0	No	NA	NA	NA	NA	NA	NA	NA	NA
plasmid__NZ_CP046272_1_Enterobacter_hormaechei_strain_E70_plasmid_pE70_A__complete_sequence_0_11375_1||full	0.593	0.167	0.593	dsDNAphage	11375	0	61.1	0.0	11375	18	9	0	No	NA	NA	NA	NA	NA	NA	NA	NA
plasmid__NZ_CP044308_1_Escherichia_coli_strain_C27A_plasmid_pC27A_3__complete_sequence_61962_67230_10||full	0.8	0.973	0.973	ssDNA	886	0	100.0	0.0	5268	2	0	1	No	NA	NA	NA	NA	NA	NA	NA	NA
plasmid__NZ_CP044306_1_Escherichia_coli_strain_C27A_plasmid_pC27A_CTX_M_55__complete_sequence_9924_14844_2||full	0.673	0.047	0.673	dsDNAphage	4918	0	25.0	12.5	4920	8	0	1	No	NA	NA	NA	NA	NA	NA	NA	NA
plasmid__NZ_CP044306_1_Escherichia_coli_strain_C27A_plasmid_pC27A_CTX_M_55__complete_sequence_124286_133145_16||full	0.72	0.367	0.72	dsDNAphage	6458	0	11.1	0.0	8859	9	0	0	No	NA	NA	NA	NA	NA	NA	NA	NA
plasmid__NZ_CP048055_1_Piscirickettsia_salmonis_strain_Ps_11091B_plasmid_Ps11091B_p3__complete_sequence_28791_32075_7||full	0.973	0.967	0.973	dsDNAphage	3281	1	83.3	0.0	3284	6	1	0	No	NA	NA	NA	NA	NA	NA	NA	NA
plasmid__NZ_AP022593_1_Mycolicibacterium_arabiense_strain_JCM_18538_plasmid_pJCM18538__complete_sequence_1473478_1475382_186||full	0.74	0.347	0.74	dsDNAphage	1901	0	16.7	0.0	1904	6	0	0	No	NA	NA	NA	NA	NA	NA	NA	NA
plasmid__NZ_CP049142_1_Pseudomonas_nitroreducens_strain_HBP1_plasmid_pPniHBP1_1__complete_sequence_382559_386787_50||full	0.713	0.02	0.713	dsDNAphage	4187	0	28.6	14.3	4228	7	0	1	No	NA	NA	NA	NA	NA	NA	NA	NA
plasmid__NZ_CP049300_1_Escherichia_coli_strain_pV01_18_E02_025_051_plasmid_pK18EC051__complete_sequence_77946_86431_13||full	0.553	0.0	0.553	dsDNAphage	8134	0	27.3	9.1	8485	11	0	0	No	NA	NA	NA	NA	NA	NA	NA	NA
plasmid__NZ_CP050090_1_Rhizobium_leguminosarum_bv__trifolii_strain_23B_plasmid_pRL23b4__complete_sequence_178584_180038_25||full	0.72	0.913	0.913	ssDNA	1363	0	50.0	0.0	1454	2	0	1	No	NA	NA	NA	NA	NA	NA	NA	NA
plasmid__NZ_CP050315_1_Shewanella_aestuarii_strain_PN3F2_plasmid_pPN3F2_2__complete_sequence_168116_174233_25||full	0.56	0.367	0.56	dsDNAphage	4872	0	12.5	0.0	6117	8	0	0	No	NA	NA	NA	NA	NA	NA	NA	NA
plasmid__NZ_CP050905_1_Acinetobacter_baumannii_strain_DT_Ab057_plasmid_unnamed1__complete_sequence_38534_44252_6||full	0.8	0.847	0.847	ssDNA	5714	0	60.0	0.0	5718	5	0	0	No	NA	NA	NA	NA	NA	NA	NA	NA
plasmid__NZ_CP050984_1_Shigella_flexneri_strain_FDAARGOS_716_plasmid_unnamed1__complete_sequence_39365_41703_5||full	0.62	0.06	0.62	dsDNAphage	2220	0	50.0	25.0	2338	4	0	0	No	NA	NA	NA	NA	NA	NA	NA	NA
plasmid__NZ_CP048417_1_Citrobacter_freundii_strain_CitB_plasmid_pA_CitB__complete_sequence_60288_66195_9||full	1.0	0.56	1.0	dsDNAphage	5906	2	71.4	0.0	5907	7	4	0	No	NA	NA	NA	NA	NA	NA	NA	NA
plasmid__NZ_CP053897_1_Providencia_rettgeri_strain_YPR31_plasmid_pYPR31__complete_sequence_0_4553_1||full	0.847	0.907	0.907	ssDNA	4553	0	80.0	0.0	4553	5	1	0	No	NA	NA	NA	NA	NA	NA	NA	NA
plasmid__NZ_CP053966_1_Bacillus_cereus_strain_FDAARGOS_802_plasmid_unnamed5__complete_sequence_16767_28281_4||full	1.0	0.1	1.0	dsDNAphage	11408	1	54.5	0.0	11514	22	8	1	No	NA	NA	NA	NA	NA	NA	NA	NA
plasmid__NZ_CP054305_1_Klebsiella_pneumoniae_strain_MS14393_plasmid_pMS14393B__complete_sequence_54548_59506_8||full	0.96	0.027	0.96	dsDNAphage	4958	1	22.2	11.1	4958	9	2	2	Yes	1987.0	2971.0	viral,host	1987,2971	1-1987,1988-4958	1-5,6-9	2,0	0,2
plasmid__NZ_CP050186_1_Bacillus_thuringiensis_strain_HER1410_plasmid_pLUSID3__complete_sequence_12936_27101_3||full	0.993	0.053	0.993	dsDNAphage	14163	6	50.0	0.0	14165	20	13	0	No	NA	NA	NA	NA	NA	NA	NA	NA
plasmid__NZ_AP023200_1_Escherichia_coli_strain_TUM18780_plasmid_pMTY18780_3__complete_sequence_73839_83050_10||full	0.507	0.02	0.507	dsDNAphage	8975	0	35.7	21.4	9211	14	0	0	No	NA	NA	NA	NA	NA	NA	NA	NA
plasmid__NZ_AP023222_1_Escherichia_coli_strain_M505_plasmid_pM505_b__complete_sequence_4060_16348_3||full	0.907	0.0	0.907	dsDNAphage	12286	2	35.7	21.4	12288	14	4	0	No	NA	NA	NA	NA	NA	NA	NA	NA
plasmid__NZ_AP023233_1_Escherichia_coli_strain_YJ4_plasmid_pYJ4_b__complete_sequence_21583_34091_4||full	0.973	0.313	0.973	dsDNAphage	12508	1	66.7	0.0	12508	12	4	0	No	NA	NA	NA	NA	NA	NA	NA	NA
plasmid__NZ_LT984799_1_Cupriavidus_taiwanensis_isolate_Cupriavidus_taiwanensis_STM_6041_plasmid_I__complete_sequence_559772_563621_74||full	0.913	0.58	0.913	dsDNAphage	3847	0	40.0	0.0	3849	5	0	0	No	NA	NA	NA	NA	NA	NA	NA	NA
virus__NC_042129_1__Escherichia_phage_slur03__complete_genome_65192_66438_10||lt2gene	NA	NA	NA	dsDNAphage	1246	1	50.0	0.0	1246	2	1	0	No	NA	NA	NA	NA	NA	NA	NA	NA
host__NZ_CP025359_1_Bordetella_pertussis_strain_E153_chromosome__complete_genome_0_3349417_0_3349417_859954_862778_113||lt2gene	NA	NA	NA	dsDNAphage	2824	1	50.0	0.0	2824	2	0	2	No	NA	NA	NA	NA	NA	NA	NA	NA
host__NZ_CP031551_1_Pasteurella_multocida_strain_PM8_1_chromosome__complete_genome_892500_1606352_0_194661_0_2085_1||lt2gene	NA	NA	NA	dsDNAphage	2085	2	100.0	0.0	2085	2	1	0	No	NA	NA	NA	NA	NA	NA	NA	NA
host__NZ_CP037440_1_Bacteroides_fragilis_strain_DCMOUH0085B_chromosome__complete_genome_5469879_5504076_0_34197_0_1109_1||lt2gene	NA	NA	NA	dsDNAphage	1109	1	100.0	0.0	1109	1	1	0	No	NA	NA	NA	NA	NA	NA	NA	NA
host__NZ_CP042431_1_Pseudobacter_ginsenosidimutans_strain_Gsoil_221_chromosome__complete_genome_0_7797595_0_7797595_1709273_1712492_207||lt2gene	NA	NA	NA	dsDNAphage	3219	1	100.0	0.0	3219	1	1	0	No	NA	NA	NA	NA	NA	NA	NA	NA
plasmid__NZ_CP023025_1_Acinetobacter_baumannii_strain_10324_plasmid_pAba10324c__complete_sequence_97088_100359_11||lt2gene	NA	NA	NA	dsDNAphage	3271	1	100.0	0.0	3271	1	1	0	No	NA	NA	NA	NA	NA	NA	NA	NA
plasmid__NZ_CP045278_1_Escherichia_coli_strain_LAU_OXA_plasmid_pLAU_OXA1__complete_sequence_41455_42685_6||lt2gene	NA	NA	NA	dsDNAphage	1230	1	100.0	0.0	1230	1	1	0	No	NA	NA	NA	NA	NA	NA	NA	NA
